"cluster","mag_id","NMDS1","NMDS2","NMDS3","NMDS4","NMDS5","NMDS6","NMDS7","NMDS8","NMDS9","NMDS10","NMDS11","NMDS12","NMDS13","NMDS14","NMDS15","NMDS16","NMDS17","NMDS18","NMDS19","NMDS20","bin_id","sample_id","domain","phylum","class","order","family","genus","species","phylum2"
1,"L001_bin.13",-0.450081328809923,-0.0739750244631154,-0.27761024476294,-0.141865161128426,0.105257829565938,-0.0521620632877782,0.154090959094911,-0.214078388182649,0.0737594145188342,-0.0372788295897431,0.0159333552445971,0.0504470273025648,-0.0481259864511955,0.01987024903443,0.100339757754271,0.0218797948338962,-0.0637411856031543,0.0944992304564174,0.0705188562816159,-0.0132507610138873,"bin.13","L001","Bacteria","Firmicutes_A","Clostridia","Saccharofermentanales","Fastidiosipilaceae","JAAYZH01","JAAYZH01 sp012514965","Firmicutes"
3,"L001_bin.14",-0.10556949674952,0.458459897226576,0.389053913749369,-0.160145058452394,-0.10379213962595,-0.0772082737920935,-0.138979546082763,-0.0255564072417848,-0.206069630015816,0.18293913417077,0.265491814040336,0.0509525920389024,0.0793758261727774,0.0552445054572592,0.040518545978255,0.0291210618163557,-0.101740111947651,-0.141766335322336,0.0303090838551338,-0.169308650745428,"bin.14","L001","Bacteria","Bacteroidota","Bacteroidia","Bacteroidales","4484-276","SABY01","","Bacteroidota"
3,"L001_bin.17",-0.330029569715113,0.567796305125589,0.242253257588096,0.0383476995198614,-0.00401954938502274,-0.164679905534635,-0.172405299374038,0.111090984654449,0.00604660257094829,-0.199750168761947,0.0138368816464183,0.00337341412202576,-0.014794232346237,-0.119093398486055,0.134717917796861,-0.0444260979516237,-0.133950704761113,-0.0919316633853596,0.0435392744481164,0.132576192032681,"bin.17","L001","Bacteria","Bacteroidota","Bacteroidia","Bacteroidales","Dysgonomonadaceae","UBA2632","UBA2632 sp012840785","Bacteroidota"
1,"L001_bin.19",-0.581800476546698,-0.160745143323567,-0.379863497354237,0.000919034428656981,0.00559138488734471,0.027022745315234,-0.247878227429342,-0.208062198130982,0.0168470505875911,0.193472834417931,0.0488954713880218,0.0990482951768596,0.283129701964713,0.0605186863108594,-0.0263704814838762,-0.139248601289157,-0.0311144803588509,-0.0246982065184114,-0.25973185562143,0.220987381804706,"bin.19","L001","Bacteria","Firmicutes_A","Clostridia","Tissierellales","Sedimentibacteraceae","Sedimentibacter","","Firmicutes"
1,"L001_bin.2",-0.447090276696395,-0.126799425319209,-0.204054118986127,-0.0187896796914931,0.0825479012309815,0.0099741625269915,0.132790537549078,-0.173092016167327,0.165251834178578,-0.00229827683742254,-0.131260320931196,0.121194552368128,-0.0357492330889945,0.00708483685750733,0.0689144582954763,-0.0185978020251136,-0.0605728675256075,0.100158722233497,-0.0341384468765875,0.0605808365315707,"bin.2","L001","Bacteria","Firmicutes_A","Clostridia","Saccharofermentanales","Saccharofermentanaceae","DUPM01","DUPM01 sp012838315","Firmicutes"
3,"L001_bin.20",-0.192292770643153,0.324163481831422,0.194146406358964,-0.178828467078335,-0.0766390273486995,-0.137668267386835,-0.00294047201212764,-0.0494614470927541,0.0364196577543955,-0.122395155902203,-0.0422504514124686,-0.0359964167877006,-0.00238037718354616,-0.0197168134561908,-0.0296623990906541,0.0324348635227511,-0.0667622726220309,-0.00438515949627317,0.0231022974965136,0.0371234228961928,"bin.20","L001","Bacteria","Bacteroidota","Bacteroidia","Bacteroidales","Dysgonomonadaceae","Proteiniphilum","Proteiniphilum sp012728155","Bacteroidota"
3,"L001_bin.3",-0.399260726618111,0.480871122248595,0.245129522899538,0.21479951377879,0.0413237699795908,-0.301050418969614,0.0663827820996921,-0.0778237421850377,0.157656246509523,-0.230910619646845,-0.145501300371964,0.01458032455575,0.0349073654398238,-0.066611601052194,-0.158133740279501,0.0463992994738584,0.0225330218294333,-0.0690150850230254,0.00620301986785354,0.0169228402575788,"bin.3","L001","Bacteria","Bacteroidota","Bacteroidia","Bacteroidales","Bacteroidaceae","UBA1179","UBA1179 sp002340405","Bacteroidota"
3,"L001_bin.6",-0.278094582338434,0.142583120906318,0.0767114425619505,0.266115332062297,-0.0724402031217975,0.0263081575529452,0.310964654293333,-0.0871120910903412,0.397719537374058,0.11177313633455,0.0294850445023278,-0.0312231181275495,-0.199777831815098,-0.0402756955900709,0.0100037596769333,-0.0599928317980412,-0.0762170764835837,0.0830692321733093,-0.0932490135197283,0.220099684115546,"bin.6","L001","Bacteria","Verrucomicrobiota","Kiritimatiellae","RFP12","UBA3636","JAAZFF01","","Verrucomicrobiota"
1,"L001_bin.7",-0.43782070506297,-0.122616009898077,-0.0899479152202233,0.473211684069809,-0.175282023695977,0.104896497984799,-0.288975220089649,0.185754124241777,0.234387161353545,-0.0472979654142436,-0.0269871775212605,-0.0483492959362669,-0.0375613631696999,-0.012944018507108,0.0503912885366938,-0.0725658401432728,-0.0344916225239294,-0.025726280794083,0.00141634636707167,-0.0178256380629829,"bin.7","L001","Bacteria","Synergistota","Synergistia","Synergistales","Synergistaceae","Syner-03","Syner-03 sp002316795","Synergistota"
1,"L003_bin.19",-0.479974984255623,-0.0966241517889675,-0.300373562615691,-0.137700347850178,0.0706857705683041,-0.102404388910614,-0.0708937901900679,-0.0160171259843714,-0.0149966469401989,0.0567678166154754,0.0716916405549789,-0.0704260609886713,-0.117440450721834,-0.0284109528600381,0.0478628627434936,0.366070003994996,-0.312908007868921,-0.0921678311371848,-0.0681791607986636,-0.0483302233129783,"bin.19","L003","Bacteria","Firmicutes_A","Clostridia","Christensenellales","CAG-74","UBA1038","","Firmicutes"
1,"L003_bin.22",-0.264924525039943,-0.233815914338932,-0.180790259433295,0.109809334035847,-0.314486109382893,0.105027708131194,-0.269715207809834,0.207277285222244,0.127155094218603,0.133761449910934,0.171130607528576,-0.258311887033746,0.0261589582309025,0.0915545645657822,-0.126585474164672,0.0327960479587811,0.0812436161117635,-0.0549094309186502,0.118186197675689,-0.0684847238108124,"bin.22","L003","Bacteria","Synergistota","Synergistia","Synergistales","Dethiosulfovibrionaceae","Pyramidobacter","Pyramidobacter piscolens_A","Synergistota"
3,"L003_bin.25",-0.00287660962537635,0.237357661155208,0.175713149209837,0.0598080386167941,-0.10096514241771,0.0450655223050492,0.314843983146517,-0.427517252353055,0.408808045649958,0.283738279420586,0.156344609960771,-0.0226002250333187,0.147657713360176,-0.137848808032116,0.246485503332729,-0.0425893373902586,-0.0464098317665344,-0.227513874891407,-0.062857424385522,-0.0769809486252448,"bin.25","L003","Bacteria","Verrucomicrobiota","Verrucomicrobiae","Opitutales","JAFGAQ01","JAFGAQ01","","Verrucomicrobiota"
3,"L003_bin.29",-0.408560133789101,0.419795052069467,0.177866574784763,0.164259841635167,0.127715764424894,-0.169373465313909,0.109525010812178,-0.0458252547132023,0.062973736795606,-0.129940813594466,-0.103215930797435,0.0111896960795033,0.0745334606322306,0.0286022959673393,-0.0853167110599544,0.0150328665703576,0.0934569350068887,0.0401829545416597,-0.0340141508897992,0.008627702619753,"bin.29","L003","Bacteria","Bacteroidota","Bacteroidia","Bacteroidales","UBA932","RUG11257","RUG11257 sp012513425","Bacteroidota"
5,"L003_bin.3",0.0109615955102915,0.0136172402006917,0.11949361669911,0.15041032454297,-0.345270775091472,-0.00695105676931787,0.254314797563503,-0.218415915231727,0.0515711968521176,0.104432654302097,0.156416921978748,0.147558620320479,-0.162412360678657,0.288565150949848,0.00778032510513489,0.171862065570981,0.174240451534543,-0.159050506974363,0.165287643263855,0.0856815313054118,"bin.3","L003","Bacteria","Fibrobacterota","Chitinivibrionia","Chitinivibrionales","Chitinispirillaceae","JAAYIG01","","Fibrobacterota"
3,"L003_bin.31",0.0939138925779716,0.384462930603809,0.215241899782535,-0.270918909391818,-0.0391779830564289,-0.115814057421221,-0.0479425551417129,0.174418976276099,-0.21171278795818,-0.0139041118101091,0.169800472583665,0.0398583045772556,0.0810896952119042,0.0296077064096279,0.0454988907481017,-0.0414208781230305,-0.0167588347500168,-0.0969588935339049,-0.0585864000218814,-0.0187218241450334,"bin.31","L003","Bacteria","Bacteroidota","Bacteroidia","Bacteroidales","Lentimicrobiaceae","Lentimicrobium","Lentimicrobium sp002410555","Bacteroidota"
3,"L003_bin.7",-0.201567369988336,0.363397876417159,0.164510447352236,-0.213709802795487,-0.0915885771809371,-0.203591662641632,-0.0286073702024023,-0.0760920050437001,0.0767786041418422,-0.124494887243306,0.020842644442361,-0.0102472946817216,0.0117506460952296,0.0524400651243261,-0.0110790380380946,-0.00342958595948428,-0.0777929627099988,-0.00192292794528829,0.073231676646311,0.0528681155847984,"bin.7","L003","Bacteria","Bacteroidota","Bacteroidia","Bacteroidales","Dysgonomonadaceae","Fermentimonas","Fermentimonas sp002398875","Bacteroidota"
3,"L003_bin.9",-0.456999422423349,0.457594240220641,0.17861707490174,0.166438238577072,0.0659326228081311,-0.204113185295577,0.037030586023637,0.0833077521177255,0.0236546491602416,-0.0084056394349589,-0.0294680642888189,-0.0429001687168384,0.0918676959605156,0.0706597528195135,-0.0207710142113777,-0.0425848716359132,0.0919759341892467,0.060130762302815,-0.0766154640239374,-0.00709742873820115,"bin.9","L003","Bacteria","Bacteroidota","Bacteroidia","Bacteroidales","UBA932","DMER64","DMER64 sp002408205","Bacteroidota"
3,"L004_bin.13",0.0951419404906623,0.45289371451528,0.27026190816496,-0.30897067521425,-0.0422369085742086,0.150065601449554,-0.0942711223189899,0.0139337420362924,-0.0605771148800072,0.0572374730568456,-0.0474156813746399,-0.0588403791904791,-0.0498562364295902,-0.0604680757157743,-0.0297349731028389,-0.0904785087598898,0.0610539229842933,0.0755420805914734,0.138084618459301,-0.0489196574270543,"bin.13","L004","Bacteria","Bacteroidota","Bacteroidia","Chitinophagales","Chitinophagaceae","Ginsengibacter","","Bacteroidota"
4,"L004_bin.14",0.664279089854406,0.0687114395277545,-0.0408068295789732,0.304381242776369,0.0787509715176996,0.0893650484666233,0.0971580012501138,-0.274069457507316,-0.33934356430481,-0.0559088887629739,0.266402448324004,0.00230049046592694,-0.0921998937604767,0.0546011165641417,0.185439302460514,-0.0186000905222142,0.114270562791084,0.223376037371798,0.0358043765527827,0.0171812663511165,"bin.14","L004","Bacteria","Proteobacteria","Gammaproteobacteria","Burkholderiales","Thiobacillaceae","Thiobacillus","Thiobacillus sp001899775","Proteobacteria"
3,"L004_bin.16",0.0039731403264341,0.523498228119348,0.21516640283747,-0.194241428221976,-0.0368448198865569,0.164543085633129,-0.151201191102762,-0.0514799705443177,-0.09594697290107,0.16706043441944,-0.0473061169933668,-0.00786441525390142,-0.0486883454062922,-0.111815352396531,-0.0136018835475734,0.0608534913125314,-0.0297361270984805,0.0283801479393623,-0.01760812760727,-0.0199316461273139,"bin.16","L004","Bacteria","Bacteroidota","Bacteroidia","AKYH767-A","OLB10","OLB10","OLB10 sp001567275","Bacteroidota"
4,"L004_bin.4",0.769398478253207,-0.0157006798663235,-0.113510239820452,0.139738665283549,0.164596476298442,0.0566160055237225,0.0313185227256614,-0.0671638346836975,0.0785496314488047,-0.0918794804062905,-0.0486864354712948,-0.0541168828668408,-0.163609684475553,0.0777324138866552,-0.241691078326703,-0.058294343317149,-0.132130813918221,-0.0305138318655886,-0.0859189778600142,-0.132434278868788,"bin.4","L004","Bacteria","Proteobacteria","Gammaproteobacteria","Pseudomonadales","UBA7239","UBA7239","","Proteobacteria"
3,"L005_bin.1",0.28888542338347,0.348844078940211,0.23245977133631,-0.430014678110103,0.0187411660042721,-0.0137614779486341,0.0663414360818453,0.148319328444962,-0.0128300654823247,0.0391652097920852,-0.109409980142667,-0.00851463067922063,-0.082451049866741,-0.0583879996304906,-0.0435668152691786,-0.151053669341051,-0.000671087504035961,0.0960190167557633,0.00210080329210581,-0.083868321810113,"bin.1","L005","Bacteria","Bacteroidota","Bacteroidia","Chitinophagales","Chitinophagaceae","Agriterribacter","","Bacteroidota"
3,"L005_bin.3",-0.156843645603562,0.622084059420008,0.373364347043889,0.114541560949178,0.146346120034414,0.295904313920395,-0.14066437760892,0.165864726726465,-0.137077844507112,0.17804917667278,-0.183047677102503,0.159548936452056,-0.163156495502368,-0.162693294461049,0.0359766542799299,0.0903252001170969,0.00269900373305745,0.12919397853674,-0.066673478963401,-0.0205353378638422,"bin.3","L005","Bacteria","Bacteroidota","Bacteroidia","Chitinophagales","Saprospiraceae","JAEUUM01","","Bacteroidota"
4,"L005_bin.7",0.790318059713474,0.0652365504514183,-0.0931383560644259,-0.118005991958864,0.207110708544647,0.0744923797540918,-0.049869068793971,0.192955754645926,0.161794475650631,0.22442861055769,-0.19958390237572,0.0603751534877054,0.169616488231538,-0.0214333666780407,0.060741459881427,0.242966239406996,-0.0602750569855175,-0.0975864086174315,0.17202366542682,0.279693978262681,"bin.7","L005","Bacteria","Proteobacteria","Alphaproteobacteria","Caulobacterales","TH1-2","Terricaulis","","Proteobacteria"
5,"L036_bin.1",0.560924760198903,-0.212974538598436,0.0138842715987516,0.20279817522255,-0.309960909380373,-0.125439962761968,0.259518932828995,0.0802728741514824,-0.0800311522347483,0.123151752533592,0.0187331106118852,-0.0830730040013016,0.167538820618498,0.0192203454784768,-0.155343097491023,-0.0904272865292274,-0.0821349766279761,0.00320029498390503,0.035088820573731,-0.103197614349569,"bin.1","L036","Bacteria","Desulfobacterota","Desulfobulbia","Desulfobulbales","Desulfobulbaceae","Desulfobulbus","","Desulfobacterota"
5,"L036_bin.10",0.419232445072048,-0.351883457062509,0.118042753526884,0.179094388934862,-0.44120083179311,-0.0402828172704099,0.195935756650735,0.237085834841466,-0.155972940385788,-0.0161951449932913,-0.0378068435616251,-0.140460981075315,0.131952004912534,-0.154066910714232,0.171066732707102,0.0458625704150497,-0.00715972067637262,-0.0153608385714719,-0.0908979858622301,0.0305309201698309,"bin.10","L036","Bacteria","Desulfobacterota_I","Desulfovibrionia","Desulfovibrionales","Desulfovibrionaceae","Solidesulfovibrio","","Desulfobacterota"
1,"L036_bin.11",-0.674861999895293,0.0357726696565877,-0.183506249157291,0.397886099528116,0.368473216956586,0.0468011069874553,0.280730313959757,0.217860659481466,-0.00179876016850606,0.0871953258313538,0.261922963696346,0.105306586559943,-0.102676057398777,-0.0565179856056604,-0.266373655282397,0.234068148715904,0.133862507070924,-0.0646877215661427,0.0523906747375908,0.0604147958014517,"bin.11","L036","Bacteria","Spirochaetota","Spirochaetia","Sphaerochaetales","Sphaerochaetaceae","JAAYFO01","JAAYFO01 sp012728215","Spirochaetota"
1,"L036_bin.17",-0.0957451572867327,-0.538596862415111,-0.365429242919146,-0.370657002828918,0.116085972509173,-0.454727186109028,0.00261730592455118,0.110097676695948,0.23001063479303,0.124416217469436,-0.0568984752027892,0.22466762011204,0.1114571190497,-0.109073119962404,-0.0662874936615421,0.0909120282371321,0.093916784803202,0.162600001974896,-0.0109768781530578,-0.111116161637884,"bin.17","L036","Bacteria","Firmicutes_A","Clostridia","Lachnospirales","Lachnospiraceae","Blautia","Blautia coccoides","Firmicutes"
1,"L036_bin.19",-0.39461464776542,-0.198044400052011,-0.0880974071618505,0.322124027141,-0.204998018478492,0.0566888076089011,-0.322023246465063,0.171008165646795,0.23963464005789,0.0443171380057979,0.0314200412528905,-0.114760924219251,-0.0194464522289618,0.0493464320060913,0.110007354342763,-0.0298379297050746,0.00709667444909358,-0.0291759478910089,0.00315364876378795,-0.129834714568093,"bin.19","L036","Bacteria","Synergistota","Synergistia","Synergistales","Synergistaceae","","","Synergistota"
1,"L036_bin.2",-0.0952914572429485,-0.468564237433981,-0.459966821894245,-0.254453625055475,0.0508519603550507,-0.344664850142082,0.00886424083569527,0.109299696155945,0.130384225846821,0.0413629481103027,-0.144404294471073,0.0584321714618912,-0.0181240932144749,-0.0219477900467003,-0.0882201046106277,-0.0445725305214654,0.153202580493268,0.0564207234338181,-0.119638997694013,-0.113451330195967,"bin.2","L036","Bacteria","Firmicutes_A","Clostridia","Lachnospirales","Lachnospiraceae","Hespellia","Hespellia stercorisuis","Firmicutes"
1,"L036_bin.20",-0.0231598643844219,-0.312829659519966,-0.426199626345227,-0.396705102340984,0.133798601287783,-0.107670149882319,0.10250365090601,0.154605441155804,-0.0935892950599063,-0.0573704996258412,-0.205734138399792,-0.130460779010148,-0.172311555041283,0.117460106028791,0.184290934875872,-0.202200491078075,-0.031118627181136,-0.0718080340392132,0.108815952689762,0.107530267705898,"bin.20","L036","Bacteria","Firmicutes","Bacilli","Lactobacillales","Aerococcaceae","Trichococcus","Trichococcus flocculiformis","Firmicutes"
5,"L036_bin.22",0.488053044923073,-0.404665800845973,0.131637583834872,0.218218610819588,-0.353259298285618,-0.126612233921352,0.199136067120061,0.339414769839532,-0.096872312615796,0.0681534314744339,-0.120394642268856,-0.108236520786553,0.122601523654872,-0.103971565622884,0.124694324710721,0.144495694493471,-0.0901826690687126,0.00379814878183198,-0.151301325908721,0.000596482332942549,"bin.22","L036","Bacteria","Desulfobacterota_I","Desulfovibrionia","Desulfovibrionales","Desulfovibrionaceae","Solidesulfovibrio","Solidesulfovibrio alcoholivorans","Desulfobacterota"
3,"L036_bin.25",-0.122877023715881,0.265962865938618,0.220122483705217,-0.286903179753806,-0.0984328340099211,-0.351511730194099,0.110614865218816,0.012862401296698,-0.00640483105516263,-0.171543845305509,0.0977422378818034,-0.0996150142406044,0.0510308807203282,-0.0616864624978535,-0.0890554430271739,-0.168910701621987,0.0640671005486678,0.0524783717882568,0.123771305748728,0.065675613366282,"bin.25","L036","Bacteria","Bacteroidota","Bacteroidia","Bacteroidales","Tannerellaceae","Macellibacteroides","Macellibacteroides fermentans","Bacteroidota"
1,"L036_bin.3",-0.825344685994002,-0.0327666813187354,-0.311024276083699,0.365916291769576,0.618834817193665,0.172525432243144,0.424292065823746,0.0250085736481407,-0.339127384912146,0.137351011317729,-0.178972635679828,-0.182867803623702,0.106748486797953,-0.0589168818534462,0.0995047529345885,-0.141072118773406,-0.057612524082572,-0.10099281119723,0.176495318508282,-0.148691387533793,"bin.3","L036","Bacteria","Firmicutes","Bacilli","RFN20","CAG-826","Onthovivens","","Firmicutes"
1,"L036_bin.5",-0.271981453676946,-0.153467003542246,-0.251474938876851,0.0412618133656661,-0.258190311714682,0.0457061229524288,-0.154839386516158,-0.0763320696354564,0.0154546734243212,0.0517287131444467,-0.0212869529795814,-0.138618196485139,-0.138651112591005,0.0773868366304779,-0.14344018593802,-0.0328501240320533,-0.187033838022684,0.161760730363261,0.225216296531741,0.0608853378727473,"bin.5","L036","Bacteria","Firmicutes_C","Negativicutes","Acidaminococcales","Acidaminococcaceae","","","Firmicutes"
1,"L038_bin.11",-0.115416619188138,-0.316741645276022,-0.241584673696757,0.0677416387503779,-0.298818842662508,0.193210953205435,-0.0617121802311174,-0.179644320460422,-0.283310009343951,-0.0269976484256587,-0.257638304478247,0.232018469445348,0.0537602535607983,-0.0915059966078747,-0.134482878323785,-0.0281697674019042,0.0553905510778417,-0.0450000221636208,0.0667293883005377,0.0776787411935349,"bin.11","L038","Bacteria","Firmicutes_B","Syntrophomonadia","Syntrophomonadales","Syntrophomonadaceae","DTU018","","Firmicutes"
1,"L038_bin.16",-0.286002005664044,-0.269253228499593,-0.376688779055451,-0.237166313002458,-0.0463597307754738,-0.0198584409832333,-0.0796102365551979,0.043674700316527,-0.0838693784817024,-0.0763297620741978,0.234626230311534,0.0819482206705976,-0.118376610949698,-0.0858819629060892,0.145969242182486,-0.0659701708206206,-0.00508651471614131,0.0180528438505032,0.108853280250263,-0.0690515658630859,"bin.16","L038","Bacteria","Firmicutes_A","Clostridia","Clostridiales","Clostridiaceae","JG1575","","Firmicutes"
1,"L038_bin.2",-0.461302045217297,-0.218104025882512,-0.294647956578877,-0.0822543151269548,-0.0145090001881602,0.0273542135887093,-0.156600476814405,-0.110475614038813,-0.0454024243637683,-0.0478979809813457,0.0856860742589218,0.00150473190814522,-0.0955346281471648,0.0770341438920017,0.134759712772529,0.089041211524643,0.08713358833935,0.0381626689860947,-0.147403100803468,0.0172285470016163,"bin.2","L038","Bacteria","Firmicutes_A","Clostridia","Tissierellales","Peptoniphilaceae","JAAYQA01","","Firmicutes"
1,"L038_bin.23",-0.129389450823712,-0.308242482144048,-0.190702129508703,0.150138559938971,-0.451594595080349,0.154932244365861,-0.0605725741400992,-0.263223667207457,-0.321793161065095,-0.020833634508933,-0.245820015277764,0.250209061329536,0.137654678287711,-0.0181511946209477,-0.0370700528922392,-0.0583449761915643,0.101922572381645,-0.096367857806883,0.0200549277169342,0.0568900738272334,"bin.23","L038","Bacteria","Firmicutes_B","Syntrophomonadia","Syntrophomonadales","Syntrophomonadaceae","UBA4844","","Firmicutes"
1,"L038_bin.25",-0.373088991385816,-0.154804976631871,-0.157893919889398,-0.0515260970226472,-0.0323198157053144,0.0129048731072794,-0.119489922835308,-0.121812266527615,-0.0963661781475775,0.0200504322769894,0.060166486660059,0.0854129560966871,0.18489034499526,0.0888266893577087,0.0312588077443164,-0.0951981881464765,-0.310920910414722,0.154265965686581,-0.0490641625210059,0.0806055011068191,"bin.25","L038","Bacteria","Firmicutes_A","Clostridia","Peptostreptococcales","Anaerovoracaceae","JAAZGD01","","Firmicutes"
1,"L038_bin.7",-0.745359633599293,-0.0354350586928113,-0.344807534432191,0.373829556926486,0.241942617005179,0.127101721725419,0.0807101484002412,0.158723347734218,-0.0957845951431627,-0.152691375161706,0.0389395901446035,0.289648589447762,0.0129611907923831,0.00585139797874427,0.0529890170521788,-0.0203417260426673,-0.061004110612481,0.00829491398564337,0.0394392885704923,-0.063577829426482,"bin.7","L038","Bacteria","Firmicutes_A","Clostridia","Saccharofermentanales","DTU023","UBA4923","UBA4923 sp002427535","Firmicutes"
4,"L039_bin.10",0.827543189436912,0.0801509471926851,-0.0388521662302224,0.114976888247593,0.0407168430307521,-0.0786287615486061,0.0386420625284821,-0.100838690900366,-0.0419919775128009,-0.254653301475576,-0.136876418828928,0.0158043899911263,-0.158460733858667,-0.0231201720005629,0.00161525045474456,-0.00162123014574257,-0.312173647305831,-0.122522415053433,-0.0382509824070444,-0.0594507263384669,"bin.10","L039","Bacteria","Proteobacteria","Gammaproteobacteria","Pseudomonadales","UBA5518","UBA5518","","Proteobacteria"
5,"L039_bin.13",0.0760370522370755,0.0379673099089428,-0.105217758686894,-0.418416142307387,0.154485796074431,0.627962153710318,0.0667345662512366,0.0502806738009176,0.148975459723407,-0.222970177105627,0.118414453203379,-0.0439365928392588,0.206912159660642,-0.00720572066620995,-0.0357796910407071,0.0855158221000789,-0.0402632499366275,0.106263828168289,0.0631166187926612,-0.0215823579311397,"bin.13","L039","Bacteria","Actinobacteriota","Actinomycetia","Actinomycetales","Microbacteriaceae","Terrimesophilobacter","","Actinobacteriota"
5,"L039_bin.4",0.0868953035336658,-0.0419084531538743,0.030681695613098,-0.174667836898677,-0.169669499501914,0.547958309083348,0.127676986555799,-0.148937501918179,0.154987097644916,-0.206388906877162,-0.0607377148220641,0.134853167138616,0.0868299279539298,0.116985009658084,-0.131522624145711,0.0716314702180962,-0.0859873416949535,0.0421532528019261,-0.104142501548471,-0.219820585808186,"bin.4","L039","Bacteria","Actinobacteriota","Acidimicrobiia","Acidimicrobiales","UBA8139","","","Actinobacteriota"
4,"L039_bin.7",0.69743196674372,-0.0739131846014503,-0.0174290503666342,-0.0142814020347653,-0.159991872165033,-0.0113065850019248,0.04394913733169,0.195601798214646,0.190871101536476,0.154747984061603,-0.167212392351033,0.293709781530188,0.0162820441002283,0.219585487357368,0.188978305109254,-0.121124776347581,0.0769156971483797,-0.0348583696128804,0.137736790077657,-0.0377356301062889,"bin.7","L039","Bacteria","Nitrospirota","Nitrospiria","Nitrospirales","Nitrospiraceae","Nitrospira_A","Nitrospira_A sp001567445","Nitrospirota"
3,"L040_bin.10",-0.023791820307203,0.491415927966355,0.222798437834033,-0.226323675850631,-0.0142466292134443,0.283240488237489,-0.126917412226529,0.0379832325729826,-0.0401223201719564,0.158109594171986,-0.0680619224778909,0.0111992025326727,-0.09818219255832,0.0353653202830345,0.00307134780253013,0.0908043136462306,-0.0136756667870244,-0.0148543207269948,-0.00662684552041365,-0.00928308946647387,"bin.10","L040","Bacteria","Bacteroidota","Bacteroidia","Chitinophagales","LD1","UBA7692","UBA7692 sp001897535","Bacteroidota"
5,"L040_bin.16",0.293639006106671,0.10823241668967,0.0516728540553181,-0.183647630827064,-0.188393648761415,0.129910028414496,0.294460340900611,0.0508215819061695,0.187433552095358,0.209264683500167,0.136448883894578,0.124038681530088,-0.138256531509386,-0.206182182815461,-0.0428118160541856,-0.248205200440478,0.0010390722595191,0.0329021740342789,-0.01094573612282,-0.104189124494281,"bin.16","L040","Bacteria","Verrucomicrobiota","Verrucomicrobiae","Pedosphaerales","UBA11358","SCTL01","","Verrucomicrobiota"
4,"L040_bin.20",0.773017276194317,0.23386032160556,-0.136143814238803,-0.0437719844909832,0.267888039663477,-0.0245264079534042,-0.128331892468215,0.0461192809623618,0.0671173522616581,0.116405032851313,-0.0533176089359183,-0.0334991016917306,-0.0343718236715376,0.165163492399186,-0.0854381250997455,-0.00710715568253274,-0.0307792987248311,-0.114562127996277,-0.102641921202641,-0.0345617374505639,"bin.20","L040","Bacteria","Proteobacteria","Gammaproteobacteria","Xanthomonadales","Rhodanobacteraceae","Dokdonella_A","Dokdonella_A sp014338185","Proteobacteria"
5,"L040_bin.21",0.387159214515569,0.0653739090283878,-0.0182413136565191,-0.0819217596565704,-0.026432782565354,0.331318072173078,0.0882020399002635,0.215573378148239,-0.101369093086503,0.0875292440326422,0.0860918406480646,0.0946090124970954,-0.285055941004925,-0.00132994404891005,-0.213710337858914,-0.110896696372987,0.0271287020319046,-0.0109069930672501,-0.234140765730553,0.170458255236942,"bin.21","L040","Bacteria","Myxococcota","Polyangia","Polyangiales","Polyangiaceae","","","Myxococcota"
4,"L040_bin.7",0.799923777774208,-0.0122829665683765,-0.114192185763885,0.247846056528871,0.132051036555361,-0.143232720743275,0.0257873464368024,-0.111686220688119,-0.0620150589560004,0.00426074776016613,0.051708155515599,0.0159798382060621,-0.0310176285059237,0.10805568760826,0.085478422837023,-0.0850994549989998,0.0242099529670175,0.174848928121255,-0.00169706125978428,0.00849652805490288,"bin.7","L040","Bacteria","Proteobacteria","Gammaproteobacteria","Burkholderiales","Thiobacillaceae","PFJX01","","Proteobacteria"
4,"L040_bin.9",0.85710391438651,-0.0477396273500492,-0.06709440518806,0.293256214902594,0.0442687826311864,-0.196750319715867,-0.00352734208980539,-0.200610327494954,-0.0282288144290438,-0.0272639111506849,0.0495358323478758,-0.0871694640203651,-0.0578208257852537,0.0719559140508847,0.093563091023909,0.00577325035723988,0.0654788522752242,0.194894198284497,-0.120019514708651,-0.0926186529863776,"bin.9","L040","Bacteria","Proteobacteria","Gammaproteobacteria","Burkholderiales","Thiobacillaceae","PFJX01","","Proteobacteria"
3,"L078_bin.10",-0.151866788804687,0.304495579843113,0.175264134429224,-0.0825839868824443,-0.131775432906685,-0.129048488626587,-0.00347166357122332,-0.117808530428569,-0.0217680811141295,-0.0252641471189554,0.0417086545146727,0.046489311426129,0.0516049908492361,0.109048295484495,-0.0417245113852031,0.0406406135631747,-0.0615339181708011,0.0386896710123065,-0.00741989977303842,-0.0460726485017295,"bin.10","L078","Bacteria","Bacteroidota","Bacteroidia","Bacteroidales","VadinHA17","LD21","LD21 sp012729475","Bacteroidota"
3,"L078_bin.17",-0.118223999871911,0.314883026487711,0.264306282796843,-0.134330242334948,-0.152092184110568,-0.0633861654577926,-0.0419324550780716,0.00459370773788748,-0.265425011062915,0.0621308830031893,0.133868010275588,0.0234657826412605,0.125735535853173,0.048820407779,-0.0299733479176265,0.113303203889757,0.0345831760446153,0.00745543249221636,-0.00275093484206397,-0.03379488348645,"bin.17","L078","Bacteria","Bacteroidota","Bacteroidia","Bacteroidales","DTU049","GWF2-43-63","","Bacteroidota"
1,"L078_bin.28",-0.277878491517677,-0.27447073470731,-0.45499638820736,-0.349089304527052,0.103533704128378,-0.150206260630086,-0.0317362979894485,0.20919394268727,-0.154046724713394,-0.0513394951972868,0.189214826779935,0.0442255150693561,-0.0110304682136236,0.010572077896043,0.067332913903243,-0.150638995908959,-0.0788810980088048,-0.13739089956378,-0.0689674025996943,0.0173147386315002,"bin.28","L078","Bacteria","Firmicutes_A","Clostridia","Clostridiales","Clostridiaceae","Proteiniclasticum","","Firmicutes"
3,"L078_bin.34",-0.418185591443576,0.483633608719403,0.180508444369025,0.142780201959572,0.0607002258055978,-0.148327145237714,-0.0129563692340183,0.0616126903503728,-0.00838843749130197,-0.0129424019726374,0.00931415641866303,0.00311887343099425,0.0800133422059264,0.0435247517956508,-0.0261011273599867,-0.0447872510196592,0.0341718808024149,0.027851836909495,-0.083402462550571,0.016134839600368,"bin.34","L078","Bacteria","Bacteroidota","Bacteroidia","Bacteroidales","UBA932","DMER64","DMER64 sp001512865","Bacteroidota"
2,"L078_bin.37",0.1113031396622,-1.19053558907344,1.07373931744511,-0.159714708021232,0.167091462336739,-0.0833297300476652,0.0734562076927072,0.209003770472276,-0.0469655211410954,0.00195695546140495,0.162527530218403,0.218790766005201,-0.120894691379818,0.0838862807678754,-0.024129814481411,-0.0212960319098418,-0.048467945566359,-0.0704864542287601,0.0980127240872913,0.0958878021043963,"bin.37","L078","Archaea","Halobacteriota","Methanosarcinia","Methanosarcinales","Methanosarcinaceae","Methanosarcina","Methanosarcina mazei","Halobacteriota"
3,"L078_bin.9",-0.0588467177872973,0.30780613593079,0.192186056047005,-0.169338550180437,-0.113063680895195,-0.100750166021311,0.0170623980813181,-0.125244918711638,0.0431475433114364,-0.0777747214296314,0.00733706334315271,-0.0467232045346528,0.0204581894990246,0.0588958623296298,-0.0282450686982419,0.00363353035802363,0.0487987891903897,-0.0855088475261232,0.028921234533029,0.00129900620084908,"bin.9","L078","Bacteria","Bacteroidota","Bacteroidia","Bacteroidales","Marinilabiliaceae","Geofilum","Geofilum sp002427105","Bacteroidota"
2,"L080_bin.29",-0.279437915173753,-1.11417999519757,0.841483846299457,-0.181145051406402,0.42920235201629,0.0708682114283583,-0.145032191009873,-0.261062277073792,-0.0447485229769016,0.232481635785706,-0.0341937763245302,-0.265399182748199,0.146766721604215,0.0562495873041695,-0.1675590665286,-0.116393252984503,0.114733074481578,-0.0411583700480105,-0.0420571116143357,-0.00402438760568259,"bin.29","L080","Archaea","Methanobacteriota","Methanobacteria","Methanobacteriales","Methanobacteriaceae","UBA412","UBA412 sp002495685","Methanobacteriota"
5,"L080_bin.38",0.260358682135041,-0.109765515682044,-0.171419631825903,-0.377882087010241,0.0815771594872463,0.496457655579438,0.236347119307874,0.17657461479634,0.184180787728325,-0.403334247850788,0.0592009675311195,-0.152847654564567,0.246070892622206,0.0871469353611287,0.0766741834358542,0.0200316357839832,0.153315683640962,-0.0754336076246387,-0.0418007995404298,0.0740649247145049,"bin.38","L080","Bacteria","Actinobacteriota","Actinomycetia","Mycobacteriales","Mycobacteriaceae","Corynebacterium","Corynebacterium sp012838985","Actinobacteriota"
1,"L081_bin.10",-0.273410063547329,-0.372842477903225,-0.345361667376726,-0.21565862115084,-0.0224174164908252,-0.101057122627555,-0.0467283112650291,-0.00232104186564478,-0.0854861559727308,-0.128962999154313,0.107783359230462,-0.0529951323867957,-0.127806473350128,0.0996293688695041,0.0236622743166613,0.103400611271318,0.130179543823573,0.0682881484947259,-0.141149540162155,0.040072235045158,"bin.10","L081","Bacteria","Firmicutes_A","Clostridia","Tissierellales","Peptoniphilaceae","","","Firmicutes"
1,"L081_bin.12",-0.525344139289212,-0.151822619362772,-0.330444746412611,-0.158916807378766,0.151432755813153,0.0208166849253926,0.175099523867491,-0.0641707408098632,-0.134267791337569,0.248879205723503,-0.105262238547019,-0.238816657641982,-0.0338144167676856,0.0508988521092662,0.0458238880396531,0.196680742772148,0.00334092701052106,0.103808125694391,-0.011120472831468,-0.0028452853375123,"bin.12","L081","Bacteria","Firmicutes","Bacilli","Erysipelotrichales","Erysipelotrichaceae","Bulleidia","","Firmicutes"
1,"L081_bin.18",-0.29716190789239,-0.428514596260463,-0.277533212916088,-0.243952615423227,-0.124840322419684,-0.0657944245315103,-0.108986676292444,-0.218089411002063,-0.00530650879222726,-0.106276891787948,-0.0959042365637836,0.00199125335569946,-0.205081274283018,-0.361349783792541,-0.0265512956612259,0.0580275845990136,0.176323476785037,-0.291928714948184,-0.0249197416989105,-0.109157779639458,"bin.18","L081","Bacteria","Firmicutes_A","Clostridia","Clostridiales","Clostridiaceae","Clostridium","Clostridium sp000435835","Firmicutes"
1,"L081_bin.30",-0.188428103054173,-0.220014231248761,-0.169887368683873,0.032264199336362,-0.227090414825515,0.0655694503776855,-0.0961882572135327,-0.148125856130698,0.0520090102322454,0.0140979307560816,-0.104477674885945,-0.206451240007868,-0.107737588563407,0.0540687837985549,-0.120101369728803,0.0107710004005532,-0.0523421536111809,0.0811790165847327,0.174417251892421,0.00728885012977067,"bin.30","L081","Bacteria","Firmicutes_C","Negativicutes","Acidaminococcales","Acidaminococcaceae","","","Firmicutes"
3,"L081_bin.36",-0.250650170427728,0.315712814894251,0.164897344749294,-0.12944111429028,-0.095468142623735,-0.170094935484073,0.0760109413118833,-0.0786939356351936,0.0497623219046852,-0.0170379525368313,-0.121602087004005,-0.115575248355917,0.0495172433398949,-0.0717720710731139,-0.0783417127748887,0.000680016265857277,0.045562684937647,0.115832856193798,0.043026710880773,0.0829987430456412,"bin.36","L081","Bacteria","Bacteroidota","Bacteroidia","Bacteroidales","Bacteroidaceae","Prevotella","","Bacteroidota"
2,"L081_bin.38",-0.226705233463604,-1.10787713481401,1.27021006312577,0.235401353308286,0.190418618973619,0.0635174723627684,-0.112178749298449,-0.0849809047583036,0.0606332120957026,-0.212854199241164,-0.103289489468821,0.0464287906991672,-0.0726996693304319,-0.0626906485712451,0.132293890108216,0.0637640327795326,-0.0829337962519283,0.0616850257154997,-0.034672350276935,-0.0283942177182419,"bin.38","L081","Archaea","Halobacteriota","Methanomicrobia","Methanomicrobiales","Methanoculleaceae","Methanoculleus","","Halobacteriota"
5,"L081_bin.4",0.35705881783961,-0.30786932915402,-0.00906438606830076,0.161272944818693,-0.392210083087574,-0.0233745109794605,0.177096749129545,0.192284958161829,-0.132837534687245,-0.0786139290541504,0.0308853593024662,-0.186628928407271,0.0292218960378931,-0.133222267374416,-0.0605795644544415,0.152347081149366,0.0370084753039255,0.147557937909719,-0.0212319174548908,0.0396486181709447,"bin.4","L081","Bacteria","Desulfobacterota_I","Desulfovibrionia","Desulfovibrionales","Desulfovibrionaceae","Desulfovibrio","Desulfovibrio legallii","Desulfobacterota"
4,"L082_bin.12",0.92500485663954,-0.0157354472516661,-0.201736847812082,0.196066500686371,0.202047664127628,-0.203273231266451,-0.0825856251623212,-0.0799260835937954,0.0406506702801953,-0.150103212380377,-0.0617070491528796,-0.0628616046146817,-0.030624065887265,0.174378763808715,-0.000319474241685474,0.101026193498594,0.0723826722461332,-0.236790271591876,0.0190004365183147,-0.0172219557357858,"bin.12","L082","Bacteria","Proteobacteria","Gammaproteobacteria","Pseudomonadales","Pseudomonadaceae","Thiopseudomonas","","Proteobacteria"
1,"L082_bin.18",-0.501752033136535,-0.0405303993826948,-0.0995515348279204,0.567581337459196,-0.0829764643646092,0.193673163295813,-0.250323038835591,0.227396602043258,0.163922377745523,-0.0191804519334095,0.00657395221929256,0.000558239752264564,0.0100343159591054,0.0605054859910522,0.0336075490159904,-0.172702938392931,0.0893536965711056,-0.0238739824790093,0.0261596803766866,-0.0641728259209748,"bin.18","L082","Bacteria","Synergistota","Synergistia","Synergistales","Synergistaceae","Syner-03","Syner-03 sp012727545","Synergistota"
4,"L082_bin.19",0.795640016275836,0.258403248889681,-0.163564352518597,0.0477564262330593,0.195912668970016,-0.00117194677145933,-0.065923453129743,0.0218916233534545,-0.128774275477168,0.1060940147902,-0.14020816285508,-0.111811483935951,-0.0101240302256533,0.107679026368151,-0.0824211672655837,-0.0711852883415061,-0.0275638483267897,-0.136682320071951,-0.10345831564035,0.0310107883290515,"bin.19","L082","Bacteria","Proteobacteria","Gammaproteobacteria","Xanthomonadales","Xanthomonadaceae","Thermomonas","","Proteobacteria"
4,"L082_bin.25",0.940682008180491,-0.0239154696992673,-0.194646029754009,0.102709367737164,0.197538152223988,-0.110995904370856,-0.168613187709091,-0.0735386268101118,-0.00349527489492059,-0.0173356480553598,0.0217198347323299,0.223508006623416,0.186357126808268,-0.0893875098623714,-0.0546462959978316,0.166194231937765,0.0542322391139664,0.097062957890027,0.128868340629488,-0.0843784761718312,"bin.25","L082","Bacteria","Proteobacteria","Gammaproteobacteria","Burkholderiales","Rhodocyclaceae","Thauera","","Proteobacteria"
4,"L082_bin.26",0.897264905889579,-0.0300256176557378,-0.213105749646351,0.073098697026824,0.382709230918452,-0.0291154458415624,-0.313170482865965,0.0341213842652195,0.212623972807481,0.05450382094405,0.143849177518871,0.0220074800423328,0.0918508456110694,-0.234669162247807,0.0312473866471993,-0.00115049731847632,-0.00331994444917878,0.130106742456229,0.101402312940686,0.0446158919536007,"bin.26","L082","Bacteria","Proteobacteria","Gammaproteobacteria","Burkholderiales","Burkholderiaceae","Ottowia","Ottowia sp001897615","Proteobacteria"
4,"L082_bin.27",0.730584930102516,0.0387121432919974,-0.212601670069822,0.279493273417693,0.129582022126255,0.124500742021615,-0.152961014455264,-0.240870546990209,-0.080658498419691,-0.100498339418485,0.240000100161596,-0.123233216834514,0.0121858570787,-0.314295520674859,-0.0577127635158358,-0.116534922420076,0.0614009369923088,-0.10759132011689,0.0421034968007674,0.147632142690648,"bin.27","L082","Bacteria","Proteobacteria","Gammaproteobacteria","Burkholderiales","Burkholderiaceae","Comamonas","Comamonas denitrificans_A","Proteobacteria"
3,"L082_bin.3",-0.509469235866331,0.508065320760004,0.190479393070285,0.296746948589129,0.157663942544577,-0.123194869103777,0.021192488836798,0.167635517371041,-0.0759798452158338,-0.123400533627394,0.00612794617813363,0.062431883552831,0.0900193502296613,0.0481202790943132,-0.0960162846142646,-0.0342760993450425,0.0323608499898685,-0.0194402698358546,-0.0274037066332154,-0.0199000063437946,"bin.3","L082","Bacteria","Bacteroidota","Bacteroidia","Bacteroidales","UBA932","DMER64","DMER64 sp002427525","Bacteroidota"
3,"L082_bin.9",-0.0923560566284416,0.588778550197487,0.301298161915759,-0.115100727228442,0.0796478921739613,0.134811600539126,-0.150646634833038,-0.0233649133407037,-0.0104190748344941,-0.0104947168285079,-0.181878637726242,-0.0973530786815848,-0.12424088874033,0.0245012649973005,0.297911870019469,0.065852338194502,0.29486265370436,0.0453619946497788,-0.0469074239256301,-0.0134881808788768,"bin.9","L082","Bacteria","Bacteroidota","Bacteroidia","Flavobacteriales","Flavobacteriaceae","Gelidibacter","","Bacteroidota"
